,teams,team 1 pts,team 2 pts,date,location,venue,weather
0,"<title>New York Jets at Washington Redskins - September 4, 2003 Game Statistics</title>",13,16,"Date: September 4, 2003 Location: Landover, MD","Date: September 4, 2003 Location: Landover, MD",Venue: FedExField Attendance: 85420,Weather: Mist Temp: 72 F Humidty: 87% Wind: 2 mph
0,"<title>Arizona Cardinals at Detroit Lions - September 7, 2003 Game Statistics</title>",24,42,"Date: September 7, 2003 Location: Detroit, MI","Date: September 7, 2003 Location: Detroit, MI",Venue: Ford Field Attendance: 60691,Weather: Indoors
0,"<title>Denver Broncos at Cincinnati Bengals - September 7, 2003 Game Statistics</title>",30,10,"Date: September 7, 2003 Location: Cincinnati, OH","Date: September 7, 2003 Location: Cincinnati, OH",Venue: Paul Brown Stadium Attendance: 63820,Weather: Clear Temp: 74 F Humidty: 60% Wind: 3 mph
0,"<title>Indianapolis Colts at Cleveland Browns - September 7, 2003 Game Statistics</title>",9,6,"Date: September 7, 2003 Location: Cleveland, OH","Date: September 7, 2003 Location: Cleveland, OH",Venue: Cleveland Browns Stadium Attendance: 73358,Weather: Clear Temp: 72 F Humidty: 64% Wind: 7 mph
0,"<title>Minnesota Vikings at Green Bay Packers - September 7, 2003 Game Statistics</title>",30,25,"Date: September 7, 2003 Location: Green Bay, WI","Date: September 7, 2003 Location: Green Bay, WI",Venue: Lambeau Field Attendance: 70505,Weather: Clear Temp: 72 F Humidty: 79% Wind: 0 mph
0,"<title>San Diego Chargers at Kansas City Chiefs - September 7, 2003 Game Statistics</title>",14,27,"Date: September 7, 2003 Location: Kansas City, MO","Date: September 7, 2003 Location: Kansas City, MO",Venue: Arrowhead Stadium Attendance: 78048,Weather: Clear Temp: 79 F Humidty: 34% Wind: 7 mph
0,"<title>Atlanta Falcons at Dallas Cowboys - September 7, 2003 Game Statistics</title>",27,13,"Date: September 7, 2003 Location: Irving, TX","Date: September 7, 2003 Location: Irving, TX",Venue: Texas Stadium Attendance: 64104,Weather: Mostly Cloudy Temp: 85 F Humidty: 36% Wind: 5 mph
0,"<title>New Orleans Saints at Seattle Seahawks - September 7, 2003 Game Statistics</title>",10,27,"Date: September 7, 2003 Location: Seattle, WA","Date: September 7, 2003 Location: Seattle, WA",Venue: Seahawks Stadium Attendance: 52250,Weather: Overcast Temp: 68 F Humidty: 63% Wind: 8 mph
0,"<title>Baltimore Ravens at Pittsburgh Steelers - September 7, 2003 Game Statistics</title>",15,34,"Date: September 7, 2003 Location: Pittsburgh, PA","Date: September 7, 2003 Location: Pittsburgh, PA",Venue: Heinz Field Attendance: 63157,Weather: Mostly Cloudy Temp: 72 F Humidty: 55% Wind: 0 mph
0,"<title>Houston Texans at Miami Dolphins - September 7, 2003 Game Statistics</title>",21,20,"Date: September 7, 2003 Location: Miami-Dade County, FL","Date: September 7, 2003 Location: Miami-Dade County, FL",Venue: Pro Player Stadium Attendance: 73010,Weather: Scattered Clouds Temp: 90 F Humidty: 70% Wind: 8 mph
0,"<title>Jacksonville Jaguars at Carolina Panthers - September 7, 2003 Game Statistics</title>",23,24,"Date: September 7, 2003 Location: Charlotte, NC","Date: September 7, 2003 Location: Charlotte, NC",Venue: Ericsson Stadium Attendance: 72134,Weather: Overcast Temp: 71 F Humidty: 73% Wind: 7 mph
0,"<title>New England Patriots at Buffalo Bills - September 7, 2003 Game Statistics</title>",0,31,"Date: September 7, 2003 Location: Orchard Park, NY","Date: September 7, 2003 Location: Orchard Park, NY",Venue: Ralph Wilson Stadium Attendance: 73262,Weather: Mostly Cloudy Temp: 72 F Humidty: 76% Wind: 14 mph
0,"<title>St. Louis Rams at New York Giants - September 7, 2003 Game Statistics</title>",13,23,"Date: September 7, 2003 Location: East Rutherford, NJ","Date: September 7, 2003 Location: East Rutherford, NJ",Venue: Giants Stadium Attendance: 68804,Weather: Clear Temp: 79 F Humidty: 47% Wind: 5 mph
0,"<title>Chicago Bears at San Francisco 49ers - September 7, 2003 Game Statistics</title>",7,49,"Date: September 7, 2003 Location: San Francisco, CA","Date: September 7, 2003 Location: San Francisco, CA",Venue: 3Com Park Attendance: 67554,Weather: Mostly Cloudy Temp: 65 F Humidty: 75% Wind: 14 mph
0,"<title>Oakland Raiders at Tennessee Titans - September 7, 2003 Game Statistics</title>",20,25,"Date: September 7, 2003 Location: Nashville, TN","Date: September 7, 2003 Location: Nashville, TN",Venue: The Coliseum Attendance: 68809,Weather: Overcast Temp: 71 F Humidty: 68% Wind: 7 mph
0,"<title>Tampa Bay Buccaneers at Philadelphia Eagles - September 8, 2003 Game Statistics</title>",17,0,"Date: September 8, 2003 Location: Philadelphia, PA","Date: September 8, 2003 Location: Philadelphia, PA",Venue: Lincoln Financial Field Attendance: 67772,Weather: Overcast Temp: 70 F Humidty: 76% Wind: 10 mph
0,"<title>Buffalo Bills at Jacksonville Jaguars - September 14, 2003 Game Statistics</title>",38,17,"Date: September 14, 2003 Location: Jacksonville, FL","Date: September 14, 2003 Location: Jacksonville, FL",Venue: ALLTEL Stadium Attendance: 58613,Weather: Half Cloudy Temp: 86 F Humidty: 48% Wind: 6 mph
0,"<title>Detroit Lions at Green Bay Packers - September 14, 2003 Game Statistics</title>",6,31,"Date: September 14, 2003 Location: Green Bay, WI","Date: September 14, 2003 Location: Green Bay, WI",Venue: Lambeau Field Attendance: 70244,Weather: Light Rain Temp: 62 F Humidty: 93% Wind: 10 mph
0,"<title>Miami Dolphins at New York Jets - September 14, 2003 Game Statistics</title>",21,10,"Date: September 14, 2003 Location: East Rutherford, NJ","Date: September 14, 2003 Location: East Rutherford, NJ",Venue: Giants Stadium Attendance: 77461,Weather: Overcast Temp: 81 F Humidty: 88% Wind: 8 mph
0,"<title>San Francisco 49ers at St. Louis Rams - September 14, 2003 Game Statistics</title>",24,27,"Date: September 14, 2003 Location: St. Louis, MO","Date: September 14, 2003 Location: St. Louis, MO",Venue: Edward Jones Dome Attendance: 65990,Weather: Indoors
0,"<title>Washington Redskins at Atlanta Falcons - September 14, 2003 Game Statistics</title>",33,31,"Date: September 14, 2003 Location: Atlanta, GA","Date: September 14, 2003 Location: Atlanta, GA",Venue: Georgia Dome Attendance: 70241,Weather: Indoors
0,"<title>Seattle Seahawks at Arizona Cardinals - September 14, 2003 Game Statistics</title>",38,0,"Date: September 14, 2003 Location: Tempe, AZ","Date: September 14, 2003 Location: Tempe, AZ",Venue: Sun Devil Stadium Attendance: 23127,Weather: Clear Temp: 101 F Humidty: 12% Wind: 6 mph
0,"<title>Denver Broncos at San Diego Chargers - September 14, 2003 Game Statistics</title>",37,13,"Date: September 14, 2003 Location: San Diego, CA","Date: September 14, 2003 Location: San Diego, CA",Venue: Qualcomm Stadium Attendance: 65445,Weather: Clear Temp: 75 F Humidty: 69% Wind: 10 mph
0,"<title>Chicago Bears at Minnesota Vikings - September 14, 2003 Game Statistics</title>",13,24,"Date: September 14, 2003 Location: Minneapolis, MN","Date: September 14, 2003 Location: Minneapolis, MN",Venue: Metrodome Attendance: 64144,Weather: Indoors
0,"<title>Cleveland Browns at Baltimore Ravens - September 14, 2003 Game Statistics</title>",13,33,"Date: September 14, 2003 Location: Baltimore, MD","Date: September 14, 2003 Location: Baltimore, MD",Venue: M&T Bank Stadium Attendance: 69473,Weather: Mostly Cloudy Temp: 77 F Humidty: 71% Wind: 8 mph
0,"<title>Houston Texans at New Orleans Saints - September 14, 2003 Game Statistics</title>",10,31,"Date: September 14, 2003 Location: New Orleans, LA","Date: September 14, 2003 Location: New Orleans, LA",Venue: Louisiana Superdome Attendance: 68390,Weather: Indoors
0,"<title>Pittsburgh Steelers at Kansas City Chiefs - September 14, 2003 Game Statistics</title>",20,41,"Date: September 14, 2003 Location: Kansas City, MO","Date: September 14, 2003 Location: Kansas City, MO",Venue: Arrowhead Stadium Attendance: 78416,Weather: Clear Temp: 70 F Humidty: 49% Wind: 9 mph
0,"<title>Tennessee Titans at Indianapolis Colts - September 14, 2003 Game Statistics</title>",7,33,"Date: September 14, 2003 Location: Indianapolis, IN","Date: September 14, 2003 Location: Indianapolis, IN",Venue: RCA Dome Attendance: 56999,Weather: Indoors
0,"<title>Carolina Panthers at Tampa Bay Buccaneers - September 14, 2003 Game Statistics</title>",12,9,"Date: September 14, 2003 Location: Tampa, FL","Date: September 14, 2003 Location: Tampa, FL",Venue: Raymond James Stadium Attendance: 65621,Weather: Mostly Cloudy Temp: 89 F Humidty: 33% Wind: 5 mph
0,"<title>Cincinnati Bengals at Oakland Raiders - September 14, 2003 Game Statistics</title>",20,23,"Date: September 14, 2003 Location: Oakland, CA","Date: September 14, 2003 Location: Oakland, CA",Venue: Network Associates Coliseum Attendance: 50135,Weather: Clear Temp: 72 F Humidty: 64% Wind: 13 mph
0,"<title>New England Patriots at Philadelphia Eagles - September 14, 2003 Game Statistics</title>",31,10,"Date: September 14, 2003 Location: Philadelphia, PA","Date: September 14, 2003 Location: Philadelphia, PA",Venue: Lincoln Financial Field Attendance: 67624,Weather: Mostly Cloudy Temp: 81 F Humidty: 79% Wind: 6 mph
0,"<title>Dallas Cowboys at New York Giants - September 15, 2003 Game Statistics</title>",35,32,"Date: September 15, 2003 Location: East Rutherford, NJ","Date: September 15, 2003 Location: East Rutherford, NJ",Venue: Giants Stadium Attendance: 78907,Weather: Overcast Temp: 72 F Humidty: 100% Wind: 9 mph
0,"<title>Jacksonville Jaguars at Indianapolis Colts - September 21, 2003 Game Statistics</title>",13,23,"Date: September 21, 2003 Location: Indianapolis, IN","Date: September 21, 2003 Location: Indianapolis, IN",Venue: RCA Dome Attendance: 55770,Weather: Indoors
0,"<title>Minnesota Vikings at Detroit Lions - September 21, 2003 Game Statistics</title>",23,13,"Date: September 21, 2003 Location: Detroit, MI","Date: September 21, 2003 Location: Detroit, MI",Venue: Ford Field Attendance: 60865,Weather: Indoors
0,"<title>New York Jets at New England Patriots - September 21, 2003 Game Statistics</title>",16,23,"Date: September 21, 2003 Location: Foxborough, MA","Date: September 21, 2003 Location: Foxborough, MA",Venue: Gillette Stadium Attendance: 68436,Weather: Scattered Clouds Temp: 72 F Humidty: 46% Wind: 9 mph
0,"<title>Tampa Bay Buccaneers at Atlanta Falcons - September 21, 2003 Game Statistics</title>",31,10,"Date: September 21, 2003 Location: Atlanta, GA","Date: September 21, 2003 Location: Atlanta, GA",Venue: Georgia Dome Attendance: 70871,Weather: Indoors
0,"<title>New York Giants at Washington Redskins - September 21, 2003 Game Statistics</title>",24,21,"Date: September 21, 2003 Location: Landover, MD","Date: September 21, 2003 Location: Landover, MD",Venue: FedExField Attendance: 84856,Weather: Half Cloudy Temp: 77 F Humidty: 79% Wind: 6 mph
0,"<title>Baltimore Ravens at San Diego Chargers - September 21, 2003 Game Statistics</title>",24,10,"Date: September 21, 2003 Location: San Diego, CA","Date: September 21, 2003 Location: San Diego, CA",Venue: Qualcomm Stadium Attendance: 52028,Weather: Haze Temp: 79 F Humidty: 60% Wind: 10 mph
0,"<title>Buffalo Bills at Miami Dolphins - September 21, 2003 Game Statistics</title>",7,17,"Date: September 21, 2003 Location: Miami-Dade County, FL","Date: September 21, 2003 Location: Miami-Dade County, FL",Venue: Pro Player Stadium Attendance: 73458,Weather: Clear Temp: 82 F Humidty: 74% Wind: 10 mph
0,"<title>Kansas City Chiefs at Houston Texans - September 21, 2003 Game Statistics</title>",42,14,"Date: September 21, 2003 Location: Houston, TX","Date: September 21, 2003 Location: Houston, TX",Venue: Reliant Stadium Attendance: 70487,Weather: Indoors
0,"<title>New Orleans Saints at Tennessee Titans - September 21, 2003 Game Statistics</title>",12,27,"Date: September 21, 2003 Location: Nashville, TN","Date: September 21, 2003 Location: Nashville, TN",Venue: The Coliseum Attendance: 68809,Weather: Overcast Temp: 80 F Humidty: 56% Wind: 8 mph
0,"<title>Pittsburgh Steelers at Cincinnati Bengals - September 21, 2003 Game Statistics</title>",17,10,"Date: September 21, 2003 Location: Cincinnati, OH","Date: September 21, 2003 Location: Cincinnati, OH",Venue: Paul Brown Stadium Attendance: 64596,Weather: Clear Temp: 73 F Humidty: 66% Wind: 3 mph
0,"<title>Green Bay Packers at Arizona Cardinals - September 21, 2003 Game Statistics</title>",13,20,"Date: September 21, 2003 Location: Tempe, AZ","Date: September 21, 2003 Location: Tempe, AZ",Venue: Sun Devil Stadium Attendance: 58784,Weather: Clear Temp: 102 F Humidty: 8% Wind: 3 mph
0,"<title>St. Louis Rams at Seattle Seahawks - September 21, 2003 Game Statistics</title>",23,24,"Date: September 21, 2003 Location: Seattle, WA","Date: September 21, 2003 Location: Seattle, WA",Venue: Seahawks Stadium Attendance: 65841,Weather: Mostly Cloudy Temp: 64 F Humidty: 60% Wind: 7 mph
0,"<title>Cleveland Browns at San Francisco 49ers - September 21, 2003 Game Statistics</title>",13,12,"Date: September 21, 2003 Location: San Francisco, CA","Date: September 21, 2003 Location: San Francisco, CA",Venue: 3Com Park Attendance: 67412,Weather: Clear Temp: 78 F Humidty: 67% Wind: 3 mph
0,"<title>Oakland Raiders at Denver Broncos - September 22, 2003 Game Statistics</title>",10,31,"Date: September 22, 2003 Location: Denver, CO","Date: September 22, 2003 Location: Denver, CO",Venue: INVESCO Field Attendance: 76753,Weather: Clear Temp: 70 F Humidty: 30% Wind: 9 mph
0,"<title>Arizona Cardinals at St. Louis Rams - September 28, 2003 Game Statistics</title>",13,37,"Date: September 28, 2003 Location: St. Louis, MO","Date: September 28, 2003 Location: St. Louis, MO",Venue: Edward Jones Dome Attendance: 65758,Weather: Indoors
0,"<title>Cincinnati Bengals at Cleveland Browns - September 28, 2003 Game Statistics</title>",21,14,"Date: September 28, 2003 Location: Cleveland, OH","Date: September 28, 2003 Location: Cleveland, OH",Venue: Cleveland Browns Stadium Attendance: 73428,Weather: Mostly Cloudy Temp: 57 F Humidty: 59% Wind: 14 mph
0,"<title>Kansas City Chiefs at Baltimore Ravens - September 28, 2003 Game Statistics</title>",17,10,"Date: September 28, 2003 Location: Baltimore, MD","Date: September 28, 2003 Location: Baltimore, MD",Venue: M&T Bank Stadium Attendance: 69459,Weather: Mostly Cloudy Temp: 70 F Humidty: 46% Wind: 10 mph
0,"<title>Philadelphia Eagles at Buffalo Bills - September 28, 2003 Game Statistics</title>",23,13,"Date: September 28, 2003 Location: Orchard Park, NY","Date: September 28, 2003 Location: Orchard Park, NY",Venue: Ralph Wilson Stadium Attendance: 73305,Weather: Mostly Cloudy Temp: 59 F Humidty: 53% Wind: 12 mph
0,"<title>Tennessee Titans at Pittsburgh Steelers - September 28, 2003 Game Statistics</title>",30,13,"Date: September 28, 2003 Location: Pittsburgh, PA","Date: September 28, 2003 Location: Pittsburgh, PA",Venue: Heinz Field Attendance: 63244,Weather: Mostly Cloudy Temp: 61 F Humidty: 56% Wind: 8 mph
0,"<title>Dallas Cowboys at New York Jets - September 28, 2003 Game Statistics</title>",17,6,"Date: September 28, 2003 Location: East Rutherford, NJ","Date: September 28, 2003 Location: East Rutherford, NJ",Venue: Giants Stadium Attendance: 77863,Weather: Overcast Temp: 64 F Humidty: 100% Wind: 8 mph
0,"<title>Indianapolis Colts at New Orleans Saints - September 28, 2003 Game Statistics</title>",0,21,"Date: September 28, 2003 Location: New Orleans, LA","Date: September 28, 2003 Location: New Orleans, LA",Venue: Louisiana Superdome Attendance: 70020,Weather: Indoors
0,"<title>Atlanta Falcons at Carolina Panthers - September 28, 2003 Game Statistics</title>",3,23,"Date: September 28, 2003 Location: Charlotte, NC","Date: September 28, 2003 Location: Charlotte, NC",Venue: Ericsson Stadium Attendance: 72765,Weather: Half Cloudy Temp: 72 F Humidty: 44% Wind: 6 mph
0,"<title>Jacksonville Jaguars at Houston Texans - September 28, 2003 Game Statistics</title>",20,24,"Date: September 28, 2003 Location: Houston, TX","Date: September 28, 2003 Location: Houston, TX",Venue: Reliant Stadium Attendance: 70041,Weather: Scattered Clouds Temp: 82 F Humidty: 44% Wind: 13 mph
0,"<title>New England Patriots at Washington Redskins - September 28, 2003 Game Statistics</title>",17,20,"Date: September 28, 2003 Location: Landover, MD","Date: September 28, 2003 Location: Landover, MD",Venue: FedExField Attendance: 8632,Weather: Scattered Clouds Temp: 72 F Humidty: 61% Wind: 12 mph
0,"<title>San Francisco 49ers at Minnesota Vikings - September 28, 2003 Game Statistics</title>",7,35,"Date: September 28, 2003 Location: Minneapolis, MN","Date: September 28, 2003 Location: Minneapolis, MN",Venue: Metrodome Attendance: 64111,Weather: Indoors
0,"<title>San Diego Chargers at Oakland Raiders - September 28, 2003 Game Statistics</title>",31,34,"Date: September 28, 2003 Location: Oakland, CA","Date: September 28, 2003 Location: Oakland, CA",Venue: Network Associates Coliseum Attendance: 54078,Weather: Overcast Temp: 64 F Humidty: 73% Wind: 14 mph
0,"<title>Detroit Lions at Denver Broncos - September 28, 2003 Game Statistics</title>",16,20,"Date: September 28, 2003 Location: Denver, CO","Date: September 28, 2003 Location: Denver, CO",Venue: INVESCO Field Attendance: 75719,Weather: Scattered Clouds Temp: 68 F Humidty: 26% Wind: 12 mph
0,"<title>Green Bay Packers at Chicago Bears - September 29, 2003 Game Statistics</title>",38,23,"Date: September 29, 2003 Location: Chicago, IL","Date: September 29, 2003 Location: Chicago, IL",Venue: Soldier Field Attendance: 61500,Weather: Clear Temp: 54 F Humidty: 47% Wind: 6 mph
0,"<title>Arizona Cardinals at Dallas Cowboys - October 5, 2003 Game Statistics</title>",7,24,"Date: October 5, 2003 Location: Irving, TX","Date: October 5, 2003 Location: Irving, TX",Venue: Texas Stadium Attendance: 63601,Weather: Overcast Temp: 72 F Humidty: 87% Wind: 0 mph
0,"<title>Denver Broncos at Kansas City Chiefs - October 5, 2003 Game Statistics</title>",23,24,"Date: October 5, 2003 Location: Kansas City, MO","Date: October 5, 2003 Location: Kansas City, MO",Venue: Arrowhead Stadium Attendance: 78903,Weather: Clear Temp: 70 F Humidty: 53% Wind: 12 mph
0,"<title>Minnesota Vikings at Atlanta Falcons - October 5, 2003 Game Statistics</title>",39,26,"Date: October 5, 2003 Location: Atlanta, GA","Date: October 5, 2003 Location: Atlanta, GA",Venue: Georgia Dome Attendance: 70427,Weather: Indoors
0,"<title>Oakland Raiders at Chicago Bears - October 5, 2003 Game Statistics</title>",21,24,"Date: October 5, 2003 Location: Chicago, IL","Date: October 5, 2003 Location: Chicago, IL",Venue: Soldier Field Attendance: 61500,Weather: Half Cloudy Temp: 57 F Humidty: 51% Wind: 7 mph
0,"<title>Tennessee Titans at New England Patriots - October 5, 2003 Game Statistics</title>",30,38,"Date: October 5, 2003 Location: Foxborough, MA","Date: October 5, 2003 Location: Foxborough, MA",Venue: Gillette Stadium Attendance: 68436,Weather: Mostly Cloudy Temp: 57 F Humidty: 45% Wind: 10 mph
0,"<title>Detroit Lions at San Francisco 49ers - October 5, 2003 Game Statistics</title>",17,24,"Date: October 5, 2003 Location: San Francisco, CA","Date: October 5, 2003 Location: San Francisco, CA",Venue: 3Com Park Attendance: 67365,Weather: Scattered Clouds Temp: 71 F Humidty: 49% Wind: 15 mph
0,"<title>Cleveland Browns at Pittsburgh Steelers - October 5, 2003 Game Statistics</title>",33,13,"Date: October 5, 2003 Location: Pittsburgh, PA","Date: October 5, 2003 Location: Pittsburgh, PA",Venue: Heinz Field Attendance: 64595,Weather: Clear Temp: 46 F Humidty: 71% Wind: 6 mph
0,"<title>Cincinnati Bengals at Buffalo Bills - October 5, 2003 Game Statistics</title>",16,22,"Date: October 5, 2003 Location: Orchard Park, NY","Date: October 5, 2003 Location: Orchard Park, NY",Venue: Ralph Wilson Stadium Attendance: 72615,Weather: Mostly Cloudy Temp: 51 F Humidty: 48% Wind: 14 mph
0,"<title>Miami Dolphins at New York Giants - October 5, 2003 Game Statistics</title>",23,10,"Date: October 5, 2003 Location: East Rutherford, NJ","Date: October 5, 2003 Location: East Rutherford, NJ",Venue: Giants Stadium Attendance: 78863,Weather: Scattered Clouds Temp: 56 F Humidty: 55% Wind: 15 mph
0,"<title>New Orleans Saints at Carolina Panthers - October 5, 2003 Game Statistics</title>",13,19,"Date: October 5, 2003 Location: Charlotte, NC","Date: October 5, 2003 Location: Charlotte, NC",Venue: Ericsson Stadium Attendance: 72496,Weather: Mostly Cloudy Temp: 73 F Humidty: 38% Wind: 3 mph
0,"<title>Seattle Seahawks at Green Bay Packers - October 5, 2003 Game Statistics</title>",13,35,"Date: October 5, 2003 Location: Green Bay, WI","Date: October 5, 2003 Location: Green Bay, WI",Venue: Lambeau Field Attendance: 70565,Weather: Clear Temp: 49 F Humidty: 50% Wind: 6 mph
0,"<title>San Diego Chargers at Jacksonville Jaguars - October 5, 2003 Game Statistics</title>",21,27,"Date: October 5, 2003 Location: Jacksonville, FL","Date: October 5, 2003 Location: Jacksonville, FL",Venue: ALLTEL Stadium Attendance: 48954,Weather: Scattered Clouds Temp: 84 F Humidty: 49% Wind: 5 mph
0,"<title>Washington Redskins at Philadelphia Eagles - October 5, 2003 Game Statistics</title>",25,27,"Date: October 5, 2003 Location: Philadelphia, PA","Date: October 5, 2003 Location: Philadelphia, PA",Venue: Lincoln Financial Field Attendance: 67792,Weather: Mostly Cloudy Temp: 60 F Humidty: 38% Wind: 15 mph
0,"<title>Indianapolis Colts at Tampa Bay Buccaneers - October 6, 2003 Game Statistics</title>",38,35,"Date: October 6, 2003 Location: Tampa, FL","Date: October 6, 2003 Location: Tampa, FL",Venue: Raymond James Stadium Attendance: 65647,Weather: Mostly Cloudy Temp: 82 F Humidty: 63% Wind: 5 mph
0,"<title>Carolina Panthers at Indianapolis Colts - October 12, 2003 Game Statistics</title>",23,20,"Date: October 12, 2003 Location: Indianapolis, IN","Date: October 12, 2003 Location: Indianapolis, IN",Venue: RCA Dome Attendance: 57082,Weather: Indoors
0,"<title>Houston Texans at Tennessee Titans - October 12, 2003 Game Statistics</title>",17,38,"Date: October 12, 2003 Location: Nashville, TN","Date: October 12, 2003 Location: Nashville, TN",Venue: The Coliseum Attendance: 68809,Weather: Haze Temp: 70 F Humidty: 81% Wind: 0 mph
0,"<title>Miami Dolphins at Jacksonville Jaguars - October 12, 2003 Game Statistics</title>",24,10,"Date: October 12, 2003 Location: Jacksonville, FL","Date: October 12, 2003 Location: Jacksonville, FL",Venue: ALLTEL Stadium Attendance: 66437,Weather: Light Drizzle Temp: 77 F Humidty: 88% Wind: 12 mph
0,"<title>Oakland Raiders at Cleveland Browns - October 12, 2003 Game Statistics</title>",7,13,"Date: October 12, 2003 Location: Cleveland, OH","Date: October 12, 2003 Location: Cleveland, OH",Venue: Cleveland Browns Stadium Attendance: 73318,Weather: Clear Temp: 61 F Humidty: 78% Wind: 16 mph
0,"<title>Tampa Bay Buccaneers at Washington Redskins - October 12, 2003 Game Statistics</title>",35,13,"Date: October 12, 2003 Location: Landover, MD","Date: October 12, 2003 Location: Landover, MD",Venue: FedExField Attendance: 85490,Weather: Mostly Cloudy Temp: 75 F Humidty: 54% Wind: 12 mph
0,"<title>Buffalo Bills at New York Jets - October 12, 2003 Game Statistics</title>",3,30,"Date: October 12, 2003 Location: East Rutherford, NJ","Date: October 12, 2003 Location: East Rutherford, NJ",Venue: Giants Stadium Attendance: 77740,Weather: Half Cloudy Temp: 68 F Humidty: 78% Wind: 6 mph
0,"<title>San Francisco 49ers at Seattle Seahawks - October 12, 2003 Game Statistics</title>",19,20,"Date: October 12, 2003 Location: Seattle, WA","Date: October 12, 2003 Location: Seattle, WA",Venue: Seahawks Stadium Attendance: 66437,Weather: Mostly Cloudy Temp: 57 F Humidty: 77% Wind: 20 mph
0,"<title>Chicago Bears at New Orleans Saints - October 12, 2003 Game Statistics</title>",13,20,"Date: October 12, 2003 Location: New Orleans, LA","Date: October 12, 2003 Location: New Orleans, LA",Venue: Louisiana Superdome Attendance: 68390,Weather: Indoors
0,"<title>Kansas City Chiefs at Green Bay Packers - October 12, 2003 Game Statistics</title>",40,34,"Date: October 12, 2003 Location: Green Bay, WI","Date: October 12, 2003 Location: Green Bay, WI",Venue: Lambeau Field Attendance: 70407,Weather: Clear Temp: 60 F Humidty: 55% Wind: 18 mph
0,"<title>New York Giants at New England Patriots - October 12, 2003 Game Statistics</title>",6,17,"Date: October 12, 2003 Location: Foxborough, MA","Date: October 12, 2003 Location: Foxborough, MA",Venue: Gillette Stadium Attendance: 68436,Weather: Light Rain Temp: 55 F Humidty: 100% Wind: 8 mph
0,"<title>Philadelphia Eagles at Dallas Cowboys - October 12, 2003 Game Statistics</title>",21,23,"Date: October 12, 2003 Location: Irving, TX","Date: October 12, 2003 Location: Irving, TX",Venue: Texas Stadium Attendance: 63648,Weather: Overcast Temp: 73 F Humidty: 64% Wind: 5 mph
0,"<title>Baltimore Ravens at Arizona Cardinals - October 12, 2003 Game Statistics</title>",26,18,"Date: October 12, 2003 Location: Tempe, AZ","Date: October 12, 2003 Location: Tempe, AZ",Venue: Sun Devil Stadium Attendance: 24193,Weather: Scattered Clouds Temp: 93 F Humidty: 26% Wind: 5 mph
0,"<title>Pittsburgh Steelers at Denver Broncos - October 12, 2003 Game Statistics</title>",14,17,"Date: October 12, 2003 Location: Denver, CO","Date: October 12, 2003 Location: Denver, CO",Venue: INVESCO Field Attendance: 75974,Weather: Scattered Clouds Temp: 79 F Humidty: 14% Wind: 12 mph
0,"<title>Atlanta Falcons at St. Louis Rams - October 13, 2003 Game Statistics</title>",0,36,"Date: October 13, 2003 Location: St. Louis, MO","Date: October 13, 2003 Location: St. Louis, MO",Venue: Edward Jones Dome Attendance: 66075,Weather: Indoors
0,"<title>Baltimore Ravens at Cincinnati Bengals - October 19, 2003 Game Statistics</title>",26,34,"Date: October 19, 2003 Location: Cincinnati, OH","Date: October 19, 2003 Location: Cincinnati, OH",Venue: Paul Brown Stadium Attendance: 53553,Weather: Clear Temp: 63 F Humidty: 63% Wind: 3 mph
0,"<title>Denver Broncos at Minnesota Vikings - October 19, 2003 Game Statistics</title>",20,28,"Date: October 19, 2003 Location: Minneapolis, MN","Date: October 19, 2003 Location: Minneapolis, MN",Venue: Metrodome Attendance: 64381,Weather: Indoors
0,"<title>New England Patriots at Miami Dolphins - October 19, 2003 Game Statistics</title>",19,13,"Date: October 19, 2003 Location: Miami-Dade County, FL","Date: October 19, 2003 Location: Miami-Dade County, FL",Venue: Pro Player Stadium Attendance: 73650,Weather: Mostly Cloudy Temp: 86 F Humidty: 55% Wind: 8 mph
0,"<title>Philadelphia Eagles at New York Giants - October 19, 2003 Game Statistics</title>",14,10,"Date: October 19, 2003 Location: East Rutherford, NJ","Date: October 19, 2003 Location: East Rutherford, NJ",Venue: Giants Stadium Attendance: 78883,Weather: Mostly Cloudy Temp: 54 F Humidty: 80% Wind: 7 mph
0,"<title>Tennessee Titans at Carolina Panthers - October 19, 2003 Game Statistics</title>",37,17,"Date: October 19, 2003 Location: Charlotte, NC","Date: October 19, 2003 Location: Charlotte, NC",Venue: Ericsson Stadium Attendance: 72851,Weather: Clear Temp: 69 F Humidty: 49% Wind: 5 mph
0,"<title>New York Jets at Houston Texans - October 19, 2003 Game Statistics</title>",19,14,"Date: October 19, 2003 Location: Houston, TX","Date: October 19, 2003 Location: Houston, TX",Venue: Reliant Stadium Attendance: 70623,Weather: Clear Temp: 79 F Humidty: 47% Wind: 8 mph
0,"<title>Tampa Bay Buccaneers at San Francisco 49ers - October 19, 2003 Game Statistics</title>",7,24,"Date: October 19, 2003 Location: San Francisco, CA","Date: October 19, 2003 Location: San Francisco, CA",Venue: 3Com Park Attendance: 67809,Weather: Mostly Cloudy Temp: 66 F Humidty: 70% Wind: 5 mph
0,"<title>Dallas Cowboys at Detroit Lions - October 19, 2003 Game Statistics</title>",38,7,"Date: October 19, 2003 Location: Detroit, MI","Date: October 19, 2003 Location: Detroit, MI",Venue: Ford Field Attendance: 61160,Weather: Indoors
0,"<title>Green Bay Packers at St. Louis Rams - October 19, 2003 Game Statistics</title>",24,34,"Date: October 19, 2003 Location: St. Louis, MO","Date: October 19, 2003 Location: St. Louis, MO",Venue: Edward Jones Dome Attendance: 66201,Weather: Indoors
0,"<title>New Orleans Saints at Atlanta Falcons - October 19, 2003 Game Statistics</title>",45,17,"Date: October 19, 2003 Location: Atlanta, GA","Date: October 19, 2003 Location: Atlanta, GA",Venue: Georgia Dome Attendance: 70837,Weather: Indoors
0,"<title>San Diego Chargers at Cleveland Browns - October 19, 2003 Game Statistics</title>",26,20,"Date: October 19, 2003 Location: Cleveland, OH","Date: October 19, 2003 Location: Cleveland, OH",Venue: Cleveland Browns Stadium Attendance: 73238,Weather: Half Cloudy Temp: 55 F Humidty: 69% Wind: 8 mph
0,"<title>Washington Redskins at Buffalo Bills - October 19, 2003 Game Statistics</title>",7,24,"Date: October 19, 2003 Location: Orchard Park, NY","Date: October 19, 2003 Location: Orchard Park, NY",Venue: Ralph Wilson Stadium Attendance: 73149,Weather: Mostly Cloudy Temp: 44 F Humidty: 82% Wind: 6 mph
0,"<title>Chicago Bears at Seattle Seahawks - October 19, 2003 Game Statistics</title>",17,24,"Date: October 19, 2003 Location: Seattle, WA","Date: October 19, 2003 Location: Seattle, WA",Venue: Seahawks Stadium Attendance: 65671,Weather: Mostly Cloudy Temp: 64 F Humidty: 78% Wind: 9 mph
0,"<title>Kansas City Chiefs at Oakland Raiders - October 20, 2003 Game Statistics</title>",17,10,"Date: October 20, 2003 Location: Oakland, CA","Date: October 20, 2003 Location: Oakland, CA",Venue: Network Associates Coliseum Attendance: 62391,Weather: Scattered Clouds Temp: 70 F Humidty: 63% Wind: 7 mph
0,"<title>Carolina Panthers at New Orleans Saints - October 26, 2003 Game Statistics</title>",23,20,"Date: October 26, 2003 Location: New Orleans, LA","Date: October 26, 2003 Location: New Orleans, LA",Venue: Louisiana Superdome Attendance: 68370,Weather: Indoors
0,"<title>Dallas Cowboys at Tampa Bay Buccaneers - October 26, 2003 Game Statistics</title>",0,16,"Date: October 26, 2003 Location: Tampa, FL","Date: October 26, 2003 Location: Tampa, FL",Venue: Raymond James Stadium Attendance: 65602,Weather: Mostly Cloudy Temp: 84 F Humidty: 57% Wind: 6 mph
0,"<title>Detroit Lions at Chicago Bears - October 26, 2003 Game Statistics</title>",16,24,"Date: October 26, 2003 Location: Chicago, IL","Date: October 26, 2003 Location: Chicago, IL",Venue: Soldier Field Attendance: 61428,Weather: Mostly Cloudy Temp: 45 F Humidty: 60% Wind: 8 mph
0,"<title>Seattle Seahawks at Cincinnati Bengals - October 26, 2003 Game Statistics</title>",24,27,"Date: October 26, 2003 Location: Cincinnati, OH","Date: October 26, 2003 Location: Cincinnati, OH",Venue: Paul Brown Stadium Attendance: 52131,Weather: Overcast Temp: 50 F Humidty: 86% Wind: 0 mph
0,"<title>Tennessee Titans at Jacksonville Jaguars - October 26, 2003 Game Statistics</title>",30,17,"Date: October 26, 2003 Location: Jacksonville, FL","Date: October 26, 2003 Location: Jacksonville, FL",Venue: ALLTEL Stadium Attendance: 55918,Weather: Mostly Cloudy Temp: 79 F Humidty: 58% Wind: 6 mph
0,"<title>Houston Texans at Indianapolis Colts - October 26, 2003 Game Statistics</title>",21,30,"Date: October 26, 2003 Location: Indianapolis, IN","Date: October 26, 2003 Location: Indianapolis, IN",Venue: RCA Dome Attendance: 56132,Weather: Indoors
0,"<title>Buffalo Bills at Kansas City Chiefs - October 26, 2003 Game Statistics</title>",5,38,"Date: October 26, 2003 Location: Kansas City, MO","Date: October 26, 2003 Location: Kansas City, MO",Venue: Arrowhead Stadium Attendance: 78689,Weather: Overcast Temp: 48 F Humidty: 66% Wind: 7 mph
0,"<title>Cleveland Browns at New England Patriots - October 26, 2003 Game Statistics</title>",3,9,"Date: October 26, 2003 Location: Foxborough, MA","Date: October 26, 2003 Location: Foxborough, MA",Venue: Gillette Stadium Attendance: 68436,Weather: Overcast Temp: 63 F Humidty: 72% Wind: 12 mph
0,"<title>Denver Broncos at Baltimore Ravens - October 26, 2003 Game Statistics</title>",6,26,"Date: October 26, 2003 Location: Baltimore, MD","Date: October 26, 2003 Location: Baltimore, MD",Venue: M&T Bank Stadium Attendance: 69721,Weather: Mostly Cloudy Temp: 72 F Humidty: 68% Wind: 14 mph
0,"<title>New York Giants at Minnesota Vikings - October 26, 2003 Game Statistics</title>",29,17,"Date: October 26, 2003 Location: Minneapolis, MN","Date: October 26, 2003 Location: Minneapolis, MN",Venue: Metrodome Attendance: 64114,Weather: Indoors
0,"<title>St. Louis Rams at Pittsburgh Steelers - October 26, 2003 Game Statistics</title>",33,21,"Date: October 26, 2003 Location: Pittsburgh, PA","Date: October 26, 2003 Location: Pittsburgh, PA",Venue: Heinz Field Attendance: 62665,Weather: Mostly Cloudy Temp: 59 F Humidty: 93% Wind: 8 mph
0,"<title>San Francisco 49ers at Arizona Cardinals - October 26, 2003 Game Statistics</title>",13,16,"Date: October 26, 2003 Location: Tempe, AZ","Date: October 26, 2003 Location: Tempe, AZ",Venue: Sun Devil Stadium Attendance: 40824,Weather: Half Cloudy Temp: 80 F Humidty: 8% Wind: 6 mph
0,"<title>New York Jets at Philadelphia Eagles - October 26, 2003 Game Statistics</title>",17,24,"Date: October 26, 2003 Location: Philadelphia, PA","Date: October 26, 2003 Location: Philadelphia, PA",Venue: Lincoln Financial Field Attendance: 67853,Weather: Mostly Cloudy Temp: 69 F Humidty: 81% Wind: 13 mph
0,"<title>Miami Dolphins at San Diego Chargers - October 27, 2003 Game Statistics</title>",26,10,"Date: October 27, 2003 Location: Tempe, AZ","Date: October 27, 2003 Location: Tempe, AZ",Venue: Sun Devil Stadium Attendance: 73014,Weather: Mostly Cloudy Temp: 79 F Humidty: 12% Wind: 0 mph
0,"<title>Carolina Panthers at Houston Texans - November 2, 2003 Game Statistics</title>",10,14,"Date: November 2, 2003 Location: Houston, TX","Date: November 2, 2003 Location: Houston, TX",Venue: Reliant Stadium Attendance: 70052,Weather: Mostly Cloudy Temp: 81 F Humidty: 69% Wind: 12 mph
0,"<title>Jacksonville Jaguars at Baltimore Ravens - November 2, 2003 Game Statistics</title>",17,24,"Date: November 2, 2003 Location: Baltimore, MD","Date: November 2, 2003 Location: Baltimore, MD",Venue: M&T Bank Stadium Attendance: 69486,Weather: Half Cloudy Temp: 78 F Humidty: 58% Wind: 5 mph
0,"<title>New York Giants at New York Jets - November 2, 2003 Game Statistics</title>",31,28,"Date: November 2, 2003 Location: East Rutherford, NJ","Date: November 2, 2003 Location: East Rutherford, NJ",Venue: Giants Stadium Attendance: 78132,Weather: Scattered Clouds Temp: 66 F Humidty: 73% Wind: 5 mph
0,"<title>San Diego Chargers at Chicago Bears - November 2, 2003 Game Statistics</title>",7,20,"Date: November 2, 2003 Location: Chicago, IL","Date: November 2, 2003 Location: Chicago, IL",Venue: Soldier Field Attendance: 61500,Weather: Overcast Temp: 55 F Humidty: 90% Wind: 7 mph
0,"<title>Cincinnati Bengals at Arizona Cardinals - November 2, 2003 Game Statistics</title>",14,17,"Date: November 2, 2003 Location: Tempe, AZ","Date: November 2, 2003 Location: Tempe, AZ",Venue: Sun Devil Stadium Attendance: 23531,Weather: Mostly Cloudy Temp: 75 F Humidty: 38% Wind: 8 mph
0,"<title>Philadelphia Eagles at Atlanta Falcons - November 2, 2003 Game Statistics</title>",23,16,"Date: November 2, 2003 Location: Atlanta, GA","Date: November 2, 2003 Location: Atlanta, GA",Venue: Georgia Dome Attendance: 70064,Weather: Indoors
0,"<title>Green Bay Packers at Minnesota Vikings - November 2, 2003 Game Statistics</title>",30,27,"Date: November 2, 2003 Location: Minneapolis, MN","Date: November 2, 2003 Location: Minneapolis, MN",Venue: Metrodome Attendance: 64482,Weather: Indoors
0,"<title>Indianapolis Colts at Miami Dolphins - November 2, 2003 Game Statistics</title>",23,17,"Date: November 2, 2003 Location: Miami-Dade County, FL","Date: November 2, 2003 Location: Miami-Dade County, FL",Venue: Pro Player Stadium Attendance: 73258,Weather: Scattered Clouds Temp: 84 F Humidty: 59% Wind: 18 mph
0,"<title>New Orleans Saints at Tampa Bay Buccaneers - November 2, 2003 Game Statistics</title>",17,14,"Date: November 2, 2003 Location: Tampa, FL","Date: November 2, 2003 Location: Tampa, FL",Venue: Raymond James Stadium Attendance: 65524,Weather: Half Cloudy Temp: 85 F Humidty: 53% Wind: 9 mph
0,"<title>Oakland Raiders at Detroit Lions - November 2, 2003 Game Statistics</title>",13,23,"Date: November 2, 2003 Location: Detroit, MI","Date: November 2, 2003 Location: Detroit, MI",Venue: Ford Field Attendance: 61561,Weather: Indoors
0,"<title>Washington Redskins at Dallas Cowboys - November 2, 2003 Game Statistics</title>",14,21,"Date: November 2, 2003 Location: Irving, TX","Date: November 2, 2003 Location: Irving, TX",Venue: Texas Stadium Attendance: 64002,Weather: Overcast Temp: 80 F Humidty: 67% Wind: 13 mph
0,"<title>Pittsburgh Steelers at Seattle Seahawks - November 2, 2003 Game Statistics</title>",16,23,"Date: November 2, 2003 Location: Seattle, WA","Date: November 2, 2003 Location: Seattle, WA",Venue: Seahawks Stadium Attendance: 66507,Weather: Half Cloudy Temp: 45 F Humidty: 65% Wind: 8 mph
0,"<title>St. Louis Rams at San Francisco 49ers - November 2, 2003 Game Statistics</title>",10,30,"Date: November 2, 2003 Location: San Francisco, CA","Date: November 2, 2003 Location: San Francisco, CA",Venue: 3Com Park Attendance: 67812,Weather: Mostly Cloudy Temp: 57 F Humidty: 53% Wind: 13 mph
0,"<title>New England Patriots at Denver Broncos - November 3, 2003 Game Statistics</title>",30,26,"Date: November 3, 2003 Location: Denver, CO","Date: November 3, 2003 Location: Denver, CO",Venue: INVESCO Field Attendance: 76203,Weather: Mist Temp: 36 F Humidty: 100% Wind: 6 mph
0,"<title>Arizona Cardinals at Pittsburgh Steelers - November 9, 2003 Game Statistics</title>",15,28,"Date: November 9, 2003 Location: Pittsburgh, PA","Date: November 9, 2003 Location: Pittsburgh, PA",Venue: Heinz Field Attendance: 59520,Weather: Clear Temp: 39 F Humidty: 35% Wind: 0 mph
0,"<title>Chicago Bears at Detroit Lions - November 9, 2003 Game Statistics</title>",10,12,"Date: November 9, 2003 Location: Detroit, MI","Date: November 9, 2003 Location: Detroit, MI",Venue: Ford Field Attendance: 61492,Weather: Indoors
0,"<title>Houston Texans at Cincinnati Bengals - November 9, 2003 Game Statistics</title>",27,34,"Date: November 9, 2003 Location: Cincinnati, OH","Date: November 9, 2003 Location: Cincinnati, OH",Venue: Paul Brown Stadium Attendance: 50437,Weather: Clear Temp: 44 F Humidty: 43% Wind: 9 mph
0,"<title>Miami Dolphins at Tennessee Titans - November 9, 2003 Game Statistics</title>",7,31,"Date: November 9, 2003 Location: Nashville, TN","Date: November 9, 2003 Location: Nashville, TN",Venue: The Coliseum Attendance: 68809,Weather: Scattered Clouds Temp: 52 F Humidty: 46% Wind: 8 mph
0,"<title>Tampa Bay Buccaneers at Carolina Panthers - November 9, 2003 Game Statistics</title>",24,27,"Date: November 9, 2003 Location: Charlotte, NC","Date: November 9, 2003 Location: Charlotte, NC",Venue: Ericsson Stadium Attendance: 73245,Weather: Clear Temp: 52 F Humidty: 43% Wind: 10 mph
0,"<title>Buffalo Bills at Dallas Cowboys - November 9, 2003 Game Statistics</title>",6,10,"Date: November 9, 2003 Location: Irving, TX","Date: November 9, 2003 Location: Irving, TX",Venue: Texas Stadium Attendance: 63770,Weather: Mostly Cloudy Temp: 55 F Humidty: 77% Wind: 0 mph
0,"<title>Baltimore Ravens at St. Louis Rams - November 9, 2003 Game Statistics</title>",22,33,"Date: November 9, 2003 Location: St. Louis, MO","Date: November 9, 2003 Location: St. Louis, MO",Venue: Edward Jones Dome Attendance: 66085,Weather: Indoors
0,"<title>Atlanta Falcons at New York Giants - November 9, 2003 Game Statistics</title>",27,7,"Date: November 9, 2003 Location: East Rutherford, NJ","Date: November 9, 2003 Location: East Rutherford, NJ",Venue: Giants Stadium Attendance: 78813,Weather: Clear Temp: 41 F Humidty: 33% Wind: 9 mph
0,"<title>Cleveland Browns at Kansas City Chiefs - November 9, 2003 Game Statistics</title>",20,41,"Date: November 9, 2003 Location: Kansas City, MO","Date: November 9, 2003 Location: Kansas City, MO",Venue: Arrowhead Stadium Attendance: 78560,Weather: Scattered Clouds Temp: 46 F Humidty: 53% Wind: 6 mph
0,"<title>Indianapolis Colts at Jacksonville Jaguars - November 9, 2003 Game Statistics</title>",23,28,"Date: November 9, 2003 Location: Jacksonville, FL","Date: November 9, 2003 Location: Jacksonville, FL",Venue: ALLTEL Stadium Attendance: 45037,Weather: Overcast Temp: 64 F Humidty: 87% Wind: 27 mph
0,"<title>Seattle Seahawks at Washington Redskins - November 9, 2003 Game Statistics</title>",20,27,"Date: November 9, 2003 Location: Landover, MD","Date: November 9, 2003 Location: Landover, MD",Venue: FedExField Attendance: 80728,Weather: Clear Temp: 39 F Humidty: 44% Wind: 5 mph
0,"<title>Minnesota Vikings at San Diego Chargers - November 9, 2003 Game Statistics</title>",28,42,"Date: November 9, 2003 Location: San Diego, CA","Date: November 9, 2003 Location: San Diego, CA",Venue: Qualcomm Stadium Attendance: 64738,Weather: Clear Temp: 68 F Humidty: 61% Wind: 6 mph
0,"<title>New York Jets at Oakland Raiders - November 9, 2003 Game Statistics</title>",27,24,"Date: November 9, 2003 Location: Oakland, CA","Date: November 9, 2003 Location: Oakland, CA",Venue: Network Associates Coliseum Attendance: 51909,Weather: Mostly Cloudy Temp: 61 F Humidty: 78% Wind: 10 mph
0,"<title>Philadelphia Eagles at Green Bay Packers - November 10, 2003 Game Statistics</title>",17,14,"Date: November 10, 2003 Location: Green Bay, WI","Date: November 10, 2003 Location: Green Bay, WI",Venue: Lambeau Field Attendance: 70291,Weather: Light Rain Temp: 39 F Humidty: 96% Wind: 5 mph
0,"<title>Arizona Cardinals at Cleveland Browns - November 16, 2003 Game Statistics</title>",6,44,"Date: November 16, 2003 Location: Cleveland, OH","Date: November 16, 2003 Location: Cleveland, OH",Venue: Cleveland Browns Stadium Attendance: 72908,Weather: Overcast Temp: 46 F Humidty: 89% Wind: 6 mph
0,"<title>Baltimore Ravens at Miami Dolphins - November 16, 2003 Game Statistics</title>",6,9,"Date: November 16, 2003 Location: Miami-Dade County, FL","Date: November 16, 2003 Location: Miami-Dade County, FL",Venue: Pro Player Stadium Attendance: 73333,Weather: Mostly Cloudy Temp: 82 F Humidty: 53% Wind: 12 mph
0,"<title>Jacksonville Jaguars at Tennessee Titans - November 16, 2003 Game Statistics</title>",3,10,"Date: November 16, 2003 Location: Nashville, TN","Date: November 16, 2003 Location: Nashville, TN",Venue: The Coliseum Attendance: 68809,Weather: Light Drizzle Temp: 61 F Humidty: 97% Wind: 6 mph
0,"<title>New York Giants at Philadelphia Eagles - November 16, 2003 Game Statistics</title>",10,28,"Date: November 16, 2003 Location: Philadelphia, PA","Date: November 16, 2003 Location: Philadelphia, PA",Venue: Lincoln Financial Field Attendance: 67867,Weather: Mostly Cloudy Temp: 53 F Humidty: 54% Wind: 5 mph
0,"<title>Washington Redskins at Carolina Panthers - November 16, 2003 Game Statistics</title>",17,20,"Date: November 16, 2003 Location: Charlotte, NC","Date: November 16, 2003 Location: Charlotte, NC",Venue: Ericsson Stadium Attendance: 73263,Weather: Overcast Temp: 70 F Humidty: 57% Wind: 7 mph
0,"<title>San Diego Chargers at Denver Broncos - November 16, 2003 Game Statistics</title>",8,37,"Date: November 16, 2003 Location: Denver, CO","Date: November 16, 2003 Location: Denver, CO",Venue: INVESCO Field Attendance: 75217,Weather: Mostly Cloudy Temp: 48 F Humidty: 37% Wind: 12 mph
0,"<title>Green Bay Packers at Tampa Bay Buccaneers - November 16, 2003 Game Statistics</title>",20,13,"Date: November 16, 2003 Location: Tampa, FL","Date: November 16, 2003 Location: Tampa, FL",Venue: Raymond James Stadium Attendance: 65614,Weather: Mostly Cloudy Temp: 79 F Humidty: 47% Wind: 3 mph
0,"<title>Dallas Cowboys at New England Patriots - November 16, 2003 Game Statistics</title>",0,12,"Date: November 16, 2003 Location: Foxborough, MA","Date: November 16, 2003 Location: Foxborough, MA",Venue: Gillette Stadium Attendance: 68436,Weather: Overcast Temp: 36 F Humidty: 69% Wind: 0 mph
0,"<title>Atlanta Falcons at New Orleans Saints - November 16, 2003 Game Statistics</title>",20,23,"Date: November 16, 2003 Location: New Orleans, LA","Date: November 16, 2003 Location: New Orleans, LA",Venue: Louisiana Superdome Attendance: 68432,Weather: Indoors
0,"<title>Houston Texans at Buffalo Bills - November 16, 2003 Game Statistics</title>",12,10,"Date: November 16, 2003 Location: Orchard Park, NY","Date: November 16, 2003 Location: Orchard Park, NY",Venue: Ralph Wilson Stadium Attendance: 72677,Weather: Overcast Temp: 46 F Humidty: 76% Wind: 0 mph
0,"<title>Kansas City Chiefs at Cincinnati Bengals - November 16, 2003 Game Statistics</title>",19,24,"Date: November 16, 2003 Location: Cincinnati, OH","Date: November 16, 2003 Location: Cincinnati, OH",Venue: Paul Brown Stadium Attendance: 64923,Weather: Fog Temp: 51 F Humidty: 100% Wind: 5 mph
0,"<title>St. Louis Rams at Chicago Bears - November 16, 2003 Game Statistics</title>",23,21,"Date: November 16, 2003 Location: Chicago, IL","Date: November 16, 2003 Location: Chicago, IL",Venue: Soldier Field Attendance: 61820,Weather: Overcast Temp: 46 F Humidty: 96% Wind: 5 mph
0,"<title>New York Jets at Indianapolis Colts - November 16, 2003 Game Statistics</title>",31,38,"Date: November 16, 2003 Location: Indianapolis, IN","Date: November 16, 2003 Location: Indianapolis, IN",Venue: RCA Dome Attendance: 56801,Weather: Indoors
0,"<title>Detroit Lions at Seattle Seahawks - November 16, 2003 Game Statistics</title>",14,35,"Date: November 16, 2003 Location: Seattle, WA","Date: November 16, 2003 Location: Seattle, WA",Venue: Seahawks Stadium Attendance: 65865,Weather: Light Rain Temp: 46 F Humidty: 96% Wind: 14 mph
0,"<title>Minnesota Vikings at Oakland Raiders - November 16, 2003 Game Statistics</title>",18,28,"Date: November 16, 2003 Location: Oakland, CA","Date: November 16, 2003 Location: Oakland, CA",Venue: Network Associates Coliseum Attendance: 56653,Weather: Mostly Cloudy Temp: 55 F Humidty: 72% Wind: 6 mph
0,"<title>Pittsburgh Steelers at San Francisco 49ers - November 17, 2003 Game Statistics</title>",14,30,"Date: November 17, 2003 Location: San Francisco, CA","Date: November 17, 2003 Location: San Francisco, CA",Venue: 3Com Park Attendance: 67877,Weather: Scattered Clouds Temp: 56 F Humidty: 83% Wind: 12 mph
0,"<title>Carolina Panthers at Dallas Cowboys - November 23, 2003 Game Statistics</title>",20,24,"Date: November 23, 2003 Location: Irving, TX","Date: November 23, 2003 Location: Irving, TX",Venue: Texas Stadium Attendance: 63871,Weather: Scattered Clouds Temp: 46 F Humidty: 49% Wind: 24 mph
0,"<title>Indianapolis Colts at Buffalo Bills - November 23, 2003 Game Statistics</title>",17,14,"Date: November 23, 2003 Location: Orchard Park, NY","Date: November 23, 2003 Location: Orchard Park, NY",Venue: Ralph Wilson Stadium Attendance: 73044,Weather: Mostly Cloudy Temp: 70 F Humidty: 41% Wind: 23 mph
0,"<title>New England Patriots at Houston Texans - November 23, 2003 Game Statistics</title>",23,20,"Date: November 23, 2003 Location: Houston, TX","Date: November 23, 2003 Location: Houston, TX",Venue: Reliant Stadium Attendance: 70719,Weather: Indoors
0,"<title>Pittsburgh Steelers at Cleveland Browns - November 23, 2003 Game Statistics</title>",13,6,"Date: November 23, 2003 Location: Cleveland, OH","Date: November 23, 2003 Location: Cleveland, OH",Venue: Cleveland Browns Stadium Attendance: 73658,Weather: Clear Temp: 66 F Humidty: 61% Wind: 13 mph
0,"<title>San Francisco 49ers at Green Bay Packers - November 23, 2003 Game Statistics</title>",10,20,"Date: November 23, 2003 Location: Green Bay, WI","Date: November 23, 2003 Location: Green Bay, WI",Venue: Lambeau Field Attendance: 70250,Weather: Mist Temp: 39 F Humidty: 100% Wind: 8 mph
0,"<title>St. Louis Rams at Arizona Cardinals - November 23, 2003 Game Statistics</title>",30,27,"Date: November 23, 2003 Location: Tempe, AZ","Date: November 23, 2003 Location: Tempe, AZ",Venue: Sun Devil Stadium Attendance: 42089,Weather: Clear Temp: 58 F Humidty: 10% Wind: 6 mph
0,"<title>Oakland Raiders at Kansas City Chiefs - November 23, 2003 Game Statistics</title>",24,27,"Date: November 23, 2003 Location: Kansas City, MO","Date: November 23, 2003 Location: Kansas City, MO",Venue: Arrowhead Stadium Attendance: 78889,Weather: Overcast Temp: 30 F Humidty: 63% Wind: 16 mph
0,"<title>Washington Redskins at Miami Dolphins - November 23, 2003 Game Statistics</title>",23,24,"Date: November 23, 2003 Location: Miami-Dade County, FL","Date: November 23, 2003 Location: Miami-Dade County, FL",Venue: Pro Player Stadium Attendance: 73578,Weather: Half Cloudy Temp: 73 F Humidty: 71% Wind: 9 mph
0,"<title>Detroit Lions at Minnesota Vikings - November 23, 2003 Game Statistics</title>",14,24,"Date: November 23, 2003 Location: Minneapolis, MN","Date: November 23, 2003 Location: Minneapolis, MN",Venue: Metrodome Attendance: 63946,Weather: Indoors
0,"<title>Jacksonville Jaguars at New York Jets - November 23, 2003 Game Statistics</title>",10,13,"Date: November 23, 2003 Location: East Rutherford, NJ","Date: November 23, 2003 Location: East Rutherford, NJ",Venue: Giants Stadium Attendance: 77614,Weather: Clear Temp: 55 F Humidty: 72% Wind: 6 mph
0,"<title>New Orleans Saints at Philadelphia Eagles - November 23, 2003 Game Statistics</title>",20,33,"Date: November 23, 2003 Location: Philadelphia, PA","Date: November 23, 2003 Location: Philadelphia, PA",Venue: Lincoln Financial Field Attendance: 67802,Weather: Cloudy Temp: 57 F Humidty: 83% Wind: 0 mph
0,"<title>Seattle Seahawks at Baltimore Ravens - November 23, 2003 Game Statistics</title>",41,44,"Date: November 23, 2003 Location: Baltimore, MD","Date: November 23, 2003 Location: Baltimore, MD",Venue: M&T Bank Stadium Attendance: 69477,Weather: Mostly Cloudy Temp: 55 F Humidty: 77% Wind: 9 mph
0,"<title>Chicago Bears at Denver Broncos - November 23, 2003 Game Statistics</title>",19,10,"Date: November 23, 2003 Location: Denver, CO","Date: November 23, 2003 Location: Denver, CO",Venue: INVESCO Field Attendance: 75540,Weather: Scattered Clouds Temp: 23 F Humidty: 38% Wind: 12 mph
0,"<title>Cincinnati Bengals at San Diego Chargers - November 23, 2003 Game Statistics</title>",34,27,"Date: November 23, 2003 Location: San Diego, CA","Date: November 23, 2003 Location: San Diego, CA",Venue: Qualcomm Stadium Attendance: 52069,Weather: Clear Temp: 64 F Humidty: 23% Wind: 5 mph
0,"<title>Tennessee Titans at Atlanta Falcons - November 23, 2003 Game Statistics</title>",38,31,"Date: November 23, 2003 Location: Atlanta, GA","Date: November 23, 2003 Location: Atlanta, GA",Venue: Georgia Dome Attendance: 70891,Weather: Indoors
0,"<title>New York Giants at Tampa Bay Buccaneers - November 24, 2003 Game Statistics</title>",13,19,"Date: November 24, 2003 Location: Tampa, FL","Date: November 24, 2003 Location: Tampa, FL",Venue: Raymond James Stadium Attendance: 65648,Weather: Half Cloudy Temp: 70 F Humidty: 90% Wind: 5 mph
0,"<title>Green Bay Packers at Detroit Lions - November 27, 2003 Game Statistics</title>",14,22,"Date: November 27, 2003 Location: Detroit, MI","Date: November 27, 2003 Location: Detroit, MI",Venue: Ford Field Attendance: 62123,Weather: Indoors
0,"<title>Miami Dolphins at Dallas Cowboys - November 27, 2003 Game Statistics</title>",40,21,"Date: November 27, 2003 Location: Irving, TX","Date: November 27, 2003 Location: Irving, TX",Venue: Texas Stadium Attendance: 64110,Weather: Clear Temp: 58 F Humidty: 30% Wind: 25 mph
0,"<title>Arizona Cardinals at Chicago Bears - November 30, 2003 Game Statistics</title>",3,28,"Date: November 30, 2003 Location: Chicago, IL","Date: November 30, 2003 Location: Chicago, IL",Venue: Soldier Field Attendance: 61550,Weather: Mostly Cloudy Temp: 50 F Humidty: 42% Wind: 15 mph
0,"<title>Buffalo Bills at New York Giants - November 30, 2003 Game Statistics</title>",24,7,"Date: November 30, 2003 Location: East Rutherford, NJ","Date: November 30, 2003 Location: East Rutherford, NJ",Venue: Giants Stadium Attendance: 78481,Weather: Clear Temp: 46 F Humidty: 47% Wind: 14 mph
0,"<title>Minnesota Vikings at St. Louis Rams - November 30, 2003 Game Statistics</title>",17,48,"Date: November 30, 2003 Location: St. Louis, MO","Date: November 30, 2003 Location: St. Louis, MO",Venue: Edward Jones Dome Attendance: 66134,Weather: Indoors
0,"<title>Philadelphia Eagles at Carolina Panthers - November 30, 2003 Game Statistics</title>",25,16,"Date: November 30, 2003 Location: Charlotte, NC","Date: November 30, 2003 Location: Charlotte, NC",Venue: Ericsson Stadium Attendance: 72977,Weather: Scattered Clouds Temp: 55 F Humidty: 34% Wind: 5 mph
0,"<title>New Orleans Saints at Washington Redskins - November 30, 2003 Game Statistics</title>",24,20,"Date: November 30, 2003 Location: Landover, MD","Date: November 30, 2003 Location: Landover, MD",Venue: FedExField Attendance: 76821,Weather: Mostly Cloudy Temp: 48 F Humidty: 49% Wind: 9 mph
0,"<title>Denver Broncos at Oakland Raiders - November 30, 2003 Game Statistics</title>",22,8,"Date: November 30, 2003 Location: Oakland, CA","Date: November 30, 2003 Location: Oakland, CA",Venue: Network Associates Coliseum Attendance: 57201,Weather: Light Rain Temp: 55 F Humidty: 96% Wind: 9 mph
0,"<title>Tampa Bay Buccaneers at Jacksonville Jaguars - November 30, 2003 Game Statistics</title>",10,17,"Date: November 30, 2003 Location: Jacksonville, FL","Date: November 30, 2003 Location: Jacksonville, FL",Venue: ALLTEL Stadium Attendance: 60543,Weather: Clear Temp: 48 F Humidty: 77% Wind: 0 mph
0,"<title>Atlanta Falcons at Houston Texans - November 30, 2003 Game Statistics</title>",13,17,"Date: November 30, 2003 Location: Houston, TX","Date: November 30, 2003 Location: Houston, TX",Venue: Reliant Stadium Attendance: 70388,Weather: Mostly Cloudy Temp: 71 F Humidty: 51% Wind: 13 mph
0,"<title>Cincinnati Bengals at Pittsburgh Steelers - November 30, 2003 Game Statistics</title>",24,20,"Date: November 30, 2003 Location: Pittsburgh, PA","Date: November 30, 2003 Location: Pittsburgh, PA",Venue: Heinz Field Attendance: 58797,Weather: Clear Temp: 45 F Humidty: 49% Wind: 14 mph
0,"<title>New England Patriots at Indianapolis Colts - November 30, 2003 Game Statistics</title>",38,34,"Date: November 30, 2003 Location: Indianapolis, IN","Date: November 30, 2003 Location: Indianapolis, IN",Venue: RCA Dome Attendance: 57102,Weather: Indoors
0,"<title>San Francisco 49ers at Baltimore Ravens - November 30, 2003 Game Statistics</title>",6,44,"Date: November 30, 2003 Location: Baltimore, MD","Date: November 30, 2003 Location: Baltimore, MD",Venue: M&T Bank Stadium Attendance: 69549,Weather: Mostly Cloudy Temp: 46 F Humidty: 43% Wind: 8 mph
0,"<title>Cleveland Browns at Seattle Seahawks - November 30, 2003 Game Statistics</title>",7,34,"Date: November 30, 2003 Location: Seattle, WA","Date: November 30, 2003 Location: Seattle, WA",Venue: Seahawks Stadium Attendance: 64680,Weather: Half Cloudy Temp: 45 F Humidty: 79% Wind: 7 mph
0,"<title>Kansas City Chiefs at San Diego Chargers - November 30, 2003 Game Statistics</title>",28,24,"Date: November 30, 2003 Location: San Diego, CA","Date: November 30, 2003 Location: San Diego, CA",Venue: Qualcomm Stadium Attendance: 57671,Weather: Clear Temp: 72 F Humidty: 17% Wind: 8 mph
0,"<title>Tennessee Titans at New York Jets - December 1, 2003 Game Statistics</title>",17,24,"Date: December 1, 2003 Location: East Rutherford, NJ","Date: December 1, 2003 Location: East Rutherford, NJ",Venue: Giants Stadium Attendance: 77710,Weather: Clear Temp: 36 F Humidty: 64% Wind: 6 mph
0,"<title>Chicago Bears at Green Bay Packers - December 7, 2003 Game Statistics</title>",21,34,"Date: December 7, 2003 Location: Green Bay, WI","Date: December 7, 2003 Location: Green Bay, WI",Venue: Lambeau Field Attendance: 70458,Weather: Clear Temp: 36 F Humidty: 72% Wind: 17 mph
0,"<title>Dallas Cowboys at Philadelphia Eagles - December 7, 2003 Game Statistics</title>",10,36,"Date: December 7, 2003 Location: Philadelphia, PA","Date: December 7, 2003 Location: Philadelphia, PA",Venue: Lincoln Financial Field Attendance: 69773,Weather: Half Cloudy Temp: 30 F Humidty: 60% Wind: 24 mph
0,"<title>Indianapolis Colts at Tennessee Titans - December 7, 2003 Game Statistics</title>",29,27,"Date: December 7, 2003 Location: Nashville, TN","Date: December 7, 2003 Location: Nashville, TN",Venue: The Coliseum Attendance: 68809,Weather: Scattered Clouds Temp: 45 F Humidty: 55% Wind: 3 mph
0,"<title>San Diego Chargers at Detroit Lions - December 7, 2003 Game Statistics</title>",14,7,"Date: December 7, 2003 Location: Detroit, MI","Date: December 7, 2003 Location: Detroit, MI",Venue: Ford Field Attendance: 61544,Weather: Indoors
0,"<title>Tampa Bay Buccaneers at New Orleans Saints - December 7, 2003 Game Statistics</title>",14,7,"Date: December 7, 2003 Location: New Orleans, LA","Date: December 7, 2003 Location: New Orleans, LA",Venue: Louisiana Superdome Attendance: 68442,Weather: Indoors
0,"<title>Arizona Cardinals at San Francisco 49ers - December 7, 2003 Game Statistics</title>",14,50,"Date: December 7, 2003 Location: San Francisco, CA","Date: December 7, 2003 Location: San Francisco, CA",Venue: 3Com Park Attendance: 66975,Weather: Scattered Clouds Temp: 58 F Humidty: 62% Wind: 13 mph
0,"<title>Miami Dolphins at New England Patriots - December 7, 2003 Game Statistics</title>",0,12,"Date: December 7, 2003 Location: Foxborough, MA","Date: December 7, 2003 Location: Foxborough, MA",Venue: Gillette Stadium Attendance: 68436,Weather: Light Snow Temp: 27 F Humidty: 78% Wind: 12 mph
0,"<title>Carolina Panthers at Atlanta Falcons - December 7, 2003 Game Statistics</title>",14,20,"Date: December 7, 2003 Location: Atlanta, GA","Date: December 7, 2003 Location: Atlanta, GA",Venue: Georgia Dome Attendance: 70079,Weather: Indoors
0,"<title>Cincinnati Bengals at Baltimore Ravens - December 7, 2003 Game Statistics</title>",13,31,"Date: December 7, 2003 Location: Baltimore, MD","Date: December 7, 2003 Location: Baltimore, MD",Venue: M&T Bank Stadium Attendance: 69468,Weather: Scattered Clouds Temp: 30 F Humidty: 55% Wind: 18 mph
0,"<title>Houston Texans at Jacksonville Jaguars - December 7, 2003 Game Statistics</title>",0,27,"Date: December 7, 2003 Location: Jacksonville, FL","Date: December 7, 2003 Location: Jacksonville, FL",Venue: ALLTEL Stadium Attendance: 43363,Weather: Scattered Clouds Temp: 55 F Humidty: 49% Wind: 9 mph
0,"<title>Oakland Raiders at Pittsburgh Steelers - December 7, 2003 Game Statistics</title>",7,27,"Date: December 7, 2003 Location: Pittsburgh, PA","Date: December 7, 2003 Location: Pittsburgh, PA",Venue: Heinz Field Attendance: 53079,Weather: Half Cloudy Temp: 30 F Humidty: 60% Wind: 10 mph
0,"<title>Seattle Seahawks at Minnesota Vikings - December 7, 2003 Game Statistics</title>",7,34,"Date: December 7, 2003 Location: Minneapolis, MN","Date: December 7, 2003 Location: Minneapolis, MN",Venue: Metrodome Attendance: 63698,Weather: Indoors
0,"<title>Washington Redskins at New York Giants - December 7, 2003 Game Statistics</title>",20,7,"Date: December 7, 2003 Location: East Rutherford, NJ","Date: December 7, 2003 Location: East Rutherford, NJ",Venue: Giants Stadium Attendance: 78217,Weather: Half Cloudy Temp: 28 F Humidty: 66% Wind: 14 mph
0,"<title>Kansas City Chiefs at Denver Broncos - December 7, 2003 Game Statistics</title>",27,45,"Date: December 7, 2003 Location: Denver, CO","Date: December 7, 2003 Location: Denver, CO",Venue: INVESCO Field Attendance: 76403,Weather: Half Cloudy Temp: 64 F Humidty: 21% Wind: 17 mph
0,"<title>New York Jets at Buffalo Bills - December 7, 2003 Game Statistics</title>",6,17,"Date: December 7, 2003 Location: Orchard Park, NY","Date: December 7, 2003 Location: Orchard Park, NY",Venue: Ralph Wilson Stadium Attendance: 72791,Weather: Scattered Clouds Temp: 29 F Humidty: 42% Wind: 10 mph
0,"<title>St. Louis Rams at Cleveland Browns - December 8, 2003 Game Statistics</title>",26,20,"Date: December 8, 2003 Location: Cleveland, OH","Date: December 8, 2003 Location: Cleveland, OH",Venue: Cleveland Browns Stadium Attendance: 73108,Weather: Overcast Temp: 36 F Humidty: 64% Wind: 10 mph
0,"<title>Atlanta Falcons at Indianapolis Colts - December 14, 2003 Game Statistics</title>",7,38,"Date: December 14, 2003 Location: Indianapolis, IN","Date: December 14, 2003 Location: Indianapolis, IN",Venue: RCA Dome Attendance: 57103,Weather: Indoors
0,"<title>Dallas Cowboys at Washington Redskins - December 14, 2003 Game Statistics</title>",27,0,"Date: December 14, 2003 Location: Landover, MD","Date: December 14, 2003 Location: Landover, MD",Venue: FedExField Attendance: 70284,Weather: Light Drizzle Temp: 34 F Humidty: 100% Wind: 15 mph
0,"<title>Houston Texans at Tampa Bay Buccaneers - December 14, 2003 Game Statistics</title>",3,16,"Date: December 14, 2003 Location: Tampa, FL","Date: December 14, 2003 Location: Tampa, FL",Venue: Raymond James Stadium Attendance: 65124,Weather: Cloudy Temp: 67 F Humidty: 90% Wind: 6 mph
0,"<title>Minnesota Vikings at Chicago Bears - December 14, 2003 Game Statistics</title>",10,13,"Date: December 14, 2003 Location: Chicago, IL","Date: December 14, 2003 Location: Chicago, IL",Venue: Soldier Field Attendance: 61804,Weather: Overcast Temp: 30 F Humidty: 75% Wind: 6 mph
0,"<title>Seattle Seahawks at St. Louis Rams - December 14, 2003 Game Statistics</title>",22,27,"Date: December 14, 2003 Location: St. Louis, MO","Date: December 14, 2003 Location: St. Louis, MO",Venue: Edward Jones Dome Attendance: 66152,Weather: Indoors
0,"<title>Baltimore Ravens at Oakland Raiders - December 14, 2003 Game Statistics</title>",12,20,"Date: December 14, 2003 Location: Oakland, CA","Date: December 14, 2003 Location: Oakland, CA",Venue: Network Associates Coliseum Attendance: 45398,Weather: Scattered Clouds Temp: 57 F Humidty: 51% Wind: 10 mph
0,"<title>Carolina Panthers at Arizona Cardinals - December 14, 2003 Game Statistics</title>",20,17,"Date: December 14, 2003 Location: Tempe, AZ","Date: December 14, 2003 Location: Tempe, AZ",Venue: Sun Devil Stadium Attendance: 23217,Weather: Mostly Cloudy Temp: 62 F Humidty: 38% Wind: 5 mph
0,"<title>New York Giants at New Orleans Saints - December 14, 2003 Game Statistics</title>",7,45,"Date: December 14, 2003 Location: New Orleans, LA","Date: December 14, 2003 Location: New Orleans, LA",Venue: Louisiana Superdome Attendance: 68399,Weather: Indoors
0,"<title>Buffalo Bills at Tennessee Titans - December 14, 2003 Game Statistics</title>",26,28,"Date: December 14, 2003 Location: Nashville, TN","Date: December 14, 2003 Location: Nashville, TN",Venue: The Coliseum Attendance: 68809,Weather: Overcast Temp: 37 F Humidty: 89% Wind: 8 mph
0,"<title>Detroit Lions at Kansas City Chiefs - December 14, 2003 Game Statistics</title>",17,45,"Date: December 14, 2003 Location: Kansas City, MO","Date: December 14, 2003 Location: Kansas City, MO",Venue: Arrowhead Stadium Attendance: 77922,Weather: Overcast Temp: 28 F Humidty: 88% Wind: 10 mph
0,"<title>Jacksonville Jaguars at New England Patriots - December 14, 2003 Game Statistics</title>",13,27,"Date: December 14, 2003 Location: Foxborough, MA","Date: December 14, 2003 Location: Foxborough, MA",Venue: Gillette Stadium Attendance: 68436,Weather: Mostly Cloudy Temp: 25 F Humidty: 57% Wind: 5 mph
0,"<title>Pittsburgh Steelers at New York Jets - December 14, 2003 Game Statistics</title>",0,6,"Date: December 14, 2003 Location: East Rutherford, NJ","Date: December 14, 2003 Location: East Rutherford, NJ",Venue: Giants Stadium Attendance: 77900,Weather: Snow Temp: 26 F Humidty: 96% Wind: 9 mph
0,"<title>San Francisco 49ers at Cincinnati Bengals - December 14, 2003 Game Statistics</title>",38,41,"Date: December 14, 2003 Location: Cincinnati, OH","Date: December 14, 2003 Location: Cincinnati, OH",Venue: Paul Brown Stadium Attendance: 64666,Weather: Light Snow Temp: 33 F Humidty: 89% Wind: 3 mph
0,"<title>Cleveland Browns at Denver Broncos - December 14, 2003 Game Statistics</title>",20,23,"Date: December 14, 2003 Location: Denver, CO","Date: December 14, 2003 Location: Denver, CO",Venue: INVESCO Field Attendance: 75358,Weather: Mostly Cloudy Temp: 54 F Humidty: 30% Wind: 9 mph
0,"<title>Green Bay Packers at San Diego Chargers - December 14, 2003 Game Statistics</title>",38,21,"Date: December 14, 2003 Location: San Diego, CA","Date: December 14, 2003 Location: San Diego, CA",Venue: Qualcomm Stadium Attendance: 64978,Weather: Clear Temp: 59 F Humidty: 60% Wind: 5 mph
0,"<title>Philadelphia Eagles at Miami Dolphins - December 15, 2003 Game Statistics</title>",34,27,"Date: December 15, 2003 Location: Miami-Dade County, FL","Date: December 15, 2003 Location: Miami-Dade County, FL",Venue: Pro Player Stadium Attendance: 73780,Weather: Scattered Clouds Temp: 68 F Humidty: 68% Wind: 10 mph
0,"<title>Atlanta Falcons at Tampa Bay Buccaneers - December 20, 2003 Game Statistics</title>",30,28,"Date: December 20, 2003 Location: Tampa, FL","Date: December 20, 2003 Location: Tampa, FL",Venue: Raymond James Stadium Attendance: 65572,Weather: Clear Temp: 55 F Humidty: 24% Wind: 13 mph
0,"<title>New England Patriots at New York Jets - December 20, 2003 Game Statistics</title>",21,16,"Date: December 20, 2003 Location: East Rutherford, NJ","Date: December 20, 2003 Location: East Rutherford, NJ",Venue: Giants Stadium Attendance: 77835,Weather: Clear Temp: 28 F Humidty: 50% Wind: 6 mph
0,"<title>Kansas City Chiefs at Minnesota Vikings - December 20, 2003 Game Statistics</title>",20,45,"Date: December 20, 2003 Location: Minneapolis, MN","Date: December 20, 2003 Location: Minneapolis, MN",Venue: Metrodome Attendance: 64291,Weather: Indoors
0,"<title>Baltimore Ravens at Cleveland Browns - December 21, 2003 Game Statistics</title>",35,0,"Date: December 21, 2003 Location: Cleveland, OH","Date: December 21, 2003 Location: Cleveland, OH",Venue: Cleveland Browns Stadium Attendance: 72548,Weather: Clear Temp: 39 F Humidty: 44% Wind: 18 mph
0,"<title>Detroit Lions at Carolina Panthers - December 21, 2003 Game Statistics</title>",14,20,"Date: December 21, 2003 Location: Charlotte, NC","Date: December 21, 2003 Location: Charlotte, NC",Venue: Ericsson Stadium Attendance: 72835,Weather: Scattered Clouds Temp: 45 F Humidty: 28% Wind: 8 mph
0,"<title>New Orleans Saints at Jacksonville Jaguars - December 21, 2003 Game Statistics</title>",19,20,"Date: December 21, 2003 Location: Jacksonville, FL","Date: December 21, 2003 Location: Jacksonville, FL",Venue: ALLTEL Stadium Attendance: 49207,Weather: Clear Temp: 54 F Humidty: 47% Wind: 10 mph
0,"<title>Tennessee Titans at Houston Texans - December 21, 2003 Game Statistics</title>",27,24,"Date: December 21, 2003 Location: Houston, TX","Date: December 21, 2003 Location: Houston, TX",Venue: Reliant Stadium Attendance: 70758,Weather: Mostly Cloudy Temp: 70 F Humidty: 63% Wind: 18 mph
0,"<title>San Diego Chargers at Pittsburgh Steelers - December 21, 2003 Game Statistics</title>",24,40,"Date: December 21, 2003 Location: Pittsburgh, PA","Date: December 21, 2003 Location: Pittsburgh, PA",Venue: Heinz Field Attendance: 52527,Weather: Clear Temp: 37 F Humidty: 42% Wind: 14 mph
0,"<title>San Francisco 49ers at Philadelphia Eagles - December 21, 2003 Game Statistics</title>",31,28,"Date: December 21, 2003 Location: Philadelphia, PA","Date: December 21, 2003 Location: Philadelphia, PA",Venue: Lincoln Financial Field Attendance: 67866,Weather: Half Cloudy Temp: 39 F Humidty: 42% Wind: 12 mph
0,"<title>Cincinnati Bengals at St. Louis Rams - December 21, 2003 Game Statistics</title>",10,27,"Date: December 21, 2003 Location: St. Louis, MO","Date: December 21, 2003 Location: St. Louis, MO",Venue: Edward Jones Dome Attendance: 66061,Weather: Indoors
0,"<title>Miami Dolphins at Buffalo Bills - December 21, 2003 Game Statistics</title>",20,3,"Date: December 21, 2003 Location: Orchard Park, NY","Date: December 21, 2003 Location: Orchard Park, NY",Venue: Ralph Wilson Stadium Attendance: 73319,Weather: Mostly Cloudy Temp: 36 F Humidty: 54% Wind: 28 mph
0,"<title>New York Giants at Dallas Cowboys - December 21, 2003 Game Statistics</title>",3,19,"Date: December 21, 2003 Location: Irving, TX","Date: December 21, 2003 Location: Irving, TX",Venue: Texas Stadium Attendance: 64118,Weather: Mostly Cloudy Temp: 63 F Humidty: 65% Wind: 21 mph
0,"<title>Washington Redskins at Chicago Bears - December 21, 2003 Game Statistics</title>",24,27,"Date: December 21, 2003 Location: Chicago, IL","Date: December 21, 2003 Location: Chicago, IL",Venue: Soldier Field Attendance: 61719,Weather: Half Cloudy Temp: 45 F Humidty: 49% Wind: 18 mph
0,"<title>Arizona Cardinals at Seattle Seahawks - December 21, 2003 Game Statistics</title>",10,28,"Date: December 21, 2003 Location: Seattle, WA","Date: December 21, 2003 Location: Seattle, WA",Venue: Seahawks Stadium Attendance: 64899,Weather: Mostly Cloudy Temp: 50 F Humidty: 93% Wind: 0 mph
0,"<title>Denver Broncos at Indianapolis Colts - December 21, 2003 Game Statistics</title>",31,17,"Date: December 21, 2003 Location: Indianapolis, IN","Date: December 21, 2003 Location: Indianapolis, IN",Venue: RCA Dome Attendance: 57149,Weather: Indoors
0,"<title>Green Bay Packers at Oakland Raiders - December 22, 2003 Game Statistics</title>",41,7,"Date: December 22, 2003 Location: Oakland, CA","Date: December 22, 2003 Location: Oakland, CA",Venue: Network Associates Coliseum Attendance: 62298,Weather: Overcast Temp: 52 F Humidty: 86% Wind: 5 mph
0,"<title>Buffalo Bills at New England Patriots - December 27, 2003 Game Statistics</title>",0,31,"Date: December 27, 2003 Location: Foxborough, MA","Date: December 27, 2003 Location: Foxborough, MA",Venue: Gillette Stadium Attendance: 68436,Weather: Clear Temp: 48 F Humidty: 30% Wind: 6 mph
0,"<title>Philadelphia Eagles at Washington Redskins - December 27, 2003 Game Statistics</title>",31,7,"Date: December 27, 2003 Location: Landover, MD","Date: December 27, 2003 Location: Landover, MD",Venue: FedExField Attendance: 76766,Weather: Clear Temp: 28 F Humidty: 96% Wind: 3 mph
0,"<title>Seattle Seahawks at San Francisco 49ers - December 27, 2003 Game Statistics</title>",24,17,"Date: December 27, 2003 Location: San Francisco, CA","Date: December 27, 2003 Location: San Francisco, CA",Venue: 3Com Park Attendance: 67840,Weather: Scattered Clouds Temp: 49 F Humidty: 71% Wind: 5 mph
0,"<title>Chicago Bears at Kansas City Chiefs - December 28, 2003 Game Statistics</title>",3,31,"Date: December 28, 2003 Location: Kansas City, MO","Date: December 28, 2003 Location: Kansas City, MO",Venue: Arrowhead Stadium Attendance: 78413,Weather: Clear Temp: 46 F Humidty: 40% Wind: 7 mph
0,"<title>Dallas Cowboys at New Orleans Saints - December 28, 2003 Game Statistics</title>",7,13,"Date: December 28, 2003 Location: New Orleans, LA","Date: December 28, 2003 Location: New Orleans, LA",Venue: Louisiana Superdome Attendance: 68451,Weather: Indoors
0,"<title>Jacksonville Jaguars at Atlanta Falcons - December 28, 2003 Game Statistics</title>",14,21,"Date: December 28, 2003 Location: Atlanta, GA","Date: December 28, 2003 Location: Atlanta, GA",Venue: Georgia Dome Attendance: 70266,Weather: Indoors
0,"<title>St. Louis Rams at Detroit Lions - December 28, 2003 Game Statistics</title>",20,30,"Date: December 28, 2003 Location: Detroit, MI","Date: December 28, 2003 Location: Detroit, MI",Venue: Ford Field Attendance: 61006,Weather: Indoors
0,"<title>Carolina Panthers at New York Giants - December 28, 2003 Game Statistics</title>",37,24,"Date: December 28, 2003 Location: East Rutherford, NJ","Date: December 28, 2003 Location: East Rutherford, NJ",Venue: Giants Stadium Attendance: 78130,Weather: Clear Temp: 48 F Humidty: 34% Wind: 6 mph
0,"<title>Denver Broncos at Green Bay Packers - December 28, 2003 Game Statistics</title>",3,31,"Date: December 28, 2003 Location: Green Bay, WI","Date: December 28, 2003 Location: Green Bay, WI",Venue: Lambeau Field Attendance: 70299,Weather: Clear Temp: 45 F Humidty: 89% Wind: 14 mph
0,"<title>Pittsburgh Steelers at Baltimore Ravens - December 28, 2003 Game Statistics</title>",10,13,"Date: December 28, 2003 Location: Baltimore, MD","Date: December 28, 2003 Location: Baltimore, MD",Venue: M&T Bank Stadium Attendance: 70001,Weather: Clear Temp: 32 F Humidty: 89% Wind: 0 mph
0,"<title>Cleveland Browns at Cincinnati Bengals - December 28, 2003 Game Statistics</title>",22,14,"Date: December 28, 2003 Location: Cincinnati, OH","Date: December 28, 2003 Location: Cincinnati, OH",Venue: Paul Brown Stadium Attendance: 65362,Weather: Clear Temp: 61 F Humidty: 26% Wind: 18 mph
0,"<title>Indianapolis Colts at Houston Texans - December 28, 2003 Game Statistics</title>",20,17,"Date: December 28, 2003 Location: Houston, TX","Date: December 28, 2003 Location: Houston, TX",Venue: Reliant Stadium Attendance: 70680,Weather: Indoors
0,"<title>New York Jets at Miami Dolphins - December 28, 2003 Game Statistics</title>",21,23,"Date: December 28, 2003 Location: Miami-Dade County, FL","Date: December 28, 2003 Location: Miami-Dade County, FL",Venue: Pro Player Stadium Attendance: 73720,Weather: Overcast Temp: 73 F Humidty: 53% Wind: 16 mph
0,"<title>Tampa Bay Buccaneers at Tennessee Titans - December 28, 2003 Game Statistics</title>",13,33,"Date: December 28, 2003 Location: Nashville, TN","Date: December 28, 2003 Location: Nashville, TN",Venue: The Coliseum Attendance: 68809,Weather: Mostly Cloudy Temp: 60 F Humidty: 29% Wind: 17 mph
0,"<title>Minnesota Vikings at Arizona Cardinals - December 28, 2003 Game Statistics</title>",17,18,"Date: December 28, 2003 Location: Tempe, AZ","Date: December 28, 2003 Location: Tempe, AZ",Venue: Sun Devil Stadium Attendance: 52734,Weather: Clear Temp: 51 F Humidty: 16% Wind: 5 mph
0,"<title>Oakland Raiders at San Diego Chargers - December 28, 2003 Game Statistics</title>",14,21,"Date: December 28, 2003 Location: San Diego, CA","Date: December 28, 2003 Location: San Diego, CA",Venue: Qualcomm Stadium Attendance: 62222,Weather: Clear Temp: 61 F Humidty: 17% Wind: 0 mph
0,"<title>January 3, 2004 - AFC Wild Card Playoff - Tennessee Titans at Baltimore Ravens Game Statistics</title>",20,17,"Date: January 3, 2004 Location: Baltimore, MD","Date: January 3, 2004 Location: Baltimore, MD",Venue: M&T Bank Stadium Attendance: 69452,Weather: Mostly Cloudy Temp: 52 F Humidty: 86% Wind: 5 mph
0,"<title>January 3, 2004 - NFC Wild Card Playoff - Dallas Cowboys at Carolina Panthers Game Statistics</title>",10,29,"Date: January 3, 2004 Location: Charlotte, NC","Date: January 3, 2004 Location: Charlotte, NC",Venue: Ericsson Stadium Attendance: 73014,Weather: Half Cloudy Temp: 62 F Humidty: 93% Wind: 12 mph
0,"<title>January 4, 2004 - AFC Wild Card Playoff - Denver Broncos at Indianapolis Colts Game Statistics</title>",10,41,"Date: January 4, 2004 Location: Indianapolis, IN","Date: January 4, 2004 Location: Indianapolis, IN",Venue: RCA Dome Attendance: 56586,Weather: Indoors
0,"<title>January 4, 2004 - NFC Wild Card Playoff - Seattle Seahawks at Green Bay Packers Game Statistics</title>",27,33,"Date: January 4, 2004 Location: Green Bay, WI","Date: January 4, 2004 Location: Green Bay, WI",Venue: Lambeau Field Attendance: 71457,Weather: Overcast Temp: 21 F Humidty: 74% Wind: 13 mph
0,"<title>January 10, 2004 - AFC Divisional Playoff - Tennessee Titans at New England Patriots Game Statistics</title>",14,17,"Date: January 10, 2004 Location: Foxborough, MA","Date: January 10, 2004 Location: Foxborough, MA",Venue: Gillette Stadium Attendance: 68436,Weather: Clear Temp: 6 F Humidty: 36% Wind: 10 mph
0,"<title>January 10, 2004 - NFC Divisional Playoff - Carolina Panthers at St. Louis Rams Game Statistics</title>",29,23,"Date: January 10, 2004 Location: St. Louis, MO","Date: January 10, 2004 Location: St. Louis, MO",Venue: Edward Jones Dome Attendance: 66165,Weather: Indoors
0,"<title>January 11, 2004 - AFC Divisional Playoff - Indianapolis Colts at Kansas City Chiefs Game Statistics</title>",38,31,"Date: January 11, 2004 Location: Kansas City, MO","Date: January 11, 2004 Location: Kansas City, MO",Venue: Arrowhead Stadium Attendance: 79159,Weather: Clear Temp: 48 F Humidty: 46% Wind: 17 mph
0,"<title>January 11, 2004 - NFC Divisional Playoff - Green Bay Packers at Philadelphia Eagles Game Statistics</title>",17,20,"Date: January 11, 2004 Location: Philadelphia, PA","Date: January 11, 2004 Location: Philadelphia, PA",Venue: Lincoln Financial Field Attendance: 67707,Weather: Half Cloudy Temp: 26 F Humidty: 38% Wind: 14 mph
0,"<title>January 18, 2004 - AFC Championship - Indianapolis Colts at New England Patriots Game Statistics</title>",14,24,"Date: January 18, 2004 Location: Foxborough, MA","Date: January 18, 2004 Location: Foxborough, MA",Venue: Gillette Stadium Attendance: 68436,Weather: Light Snow Temp: 33 F Humidty: 100% Wind: 0 mph
0,"<title>January 18, 2004 - NFC Championship - Carolina Panthers at Philadelphia Eagles Game Statistics</title>",14,3,"Date: January 18, 2004 Location: Philadelphia, PA","Date: January 18, 2004 Location: Philadelphia, PA",Venue: Lincoln Financial Field Attendance: 67862,Weather: Overcast Temp: 35 F Humidty: 72% Wind: 18 mph
0,"<title>February 1, 2004 - Super Bowl XXXVIII - Carolina Panthers at New England Patriots Game Statistics</title>",29,32,"Date: February 1, 2004 Location: Houston, TX","Date: February 1, 2004 Location: Houston, TX",Venue: Reliant Stadium Attendance: 71525,Weather: Indoors
